{
   "duplicate_reads" : 157961,
   "fraction_duplicates" : 0.0466890198737430,
   "fraction_with_adaptor" : 0.9332551641051318,
   "reads_with_adaptor" : 3157443,
   "total_mapped_reads" : 3383257,
   "total_reads" : 3401380
}
